{"cameraMode":{"drawMode":0,"name":"Shaded","section":"Shading Mode"},"sceneLighting":false,"audioPlay":false,"sceneViewState":{"m_AlwaysRefresh":false,"showFog":true,"showSkybox":false,"showFlares":true,"showImageEffects":true,"showParticleSystems":true,"showVisualEffectGraphs":true,"m_FxEnabled":true},"in2DMode":false,"pivot":{"x":1.0354654788970948,"y":0.6849925518035889,"z":1.9694263935089112},"rotation":{"x":-0.08249141275882721,"y":0.8405793309211731,"z":-0.13376322388648988,"w":-0.5183736085891724},"size":2.5010623931884767,"orthographic":false}