{"cameraMode":{"drawMode":0,"name":"Shaded","section":"Shading Mode"},"sceneLighting":true,"audioPlay":false,"sceneViewState":{"m_AlwaysRefresh":false,"showFog":true,"showSkybox":true,"showFlares":true,"showImageEffects":true,"showParticleSystems":true,"showVisualEffectGraphs":true,"m_FxEnabled":true},"in2DMode":false,"pivot":{"x":-9.315849304199219,"y":14.030157089233399,"z":-10.428433418273926},"rotation":{"x":-0.16306358575820924,"y":0.012429077178239823,"z":-0.0020519031677395107,"w":-0.9865257143974304},"size":3.012646198272705,"orthographic":false}