{"cameraMode":{"drawMode":0,"name":"Shaded","section":"Shading Mode"},"sceneLighting":false,"audioPlay":false,"sceneViewState":{"m_AlwaysRefresh":false,"showFog":true,"showSkybox":false,"showFlares":true,"showImageEffects":true,"showParticleSystems":true,"showVisualEffectGraphs":true,"m_FxEnabled":true},"in2DMode":false,"pivot":{"x":0.0317540168762207,"y":1.366476058959961,"z":0.3817562758922577},"rotation":{"x":-0.16306358575820924,"y":0.012429077178239823,"z":-0.0020519031677395107,"w":-0.9865257143974304},"size":2.6351401805877687,"orthographic":false}