{"cameraMode":{"drawMode":0,"name":"Shaded","section":"Shading Mode"},"sceneLighting":false,"audioPlay":false,"sceneViewState":{"m_AlwaysRefresh":false,"showFog":true,"showSkybox":false,"showFlares":true,"showImageEffects":true,"showParticleSystems":true,"showVisualEffectGraphs":true,"m_FxEnabled":true},"in2DMode":false,"pivot":{"x":-0.10193580389022827,"y":0.84575355052948,"z":0.18311858177185059},"rotation":{"x":-0.16306358575820924,"y":0.012429077178239823,"z":-0.0020519031677395107,"w":-0.9865257143974304},"size":3.440822124481201,"orthographic":false}